{
  "UpdateTask" : {
    "transaction" : "UpdateTask",
    "sampleCount" : 489,
    "errorCount" : 115,
    "errorPct" : 23.517382,
    "meanResTime" : 120550.59509202448,
    "minResTime" : 7930.0,
    "maxResTime" : 863257.0,
    "pct1ResTime" : 242249.0,
    "pct2ResTime" : 458494.0,
    "pct3ResTime" : 597997.9,
    "throughput" : 0.29070769786850026,
    "receivedKBytesPerSec" : 0.19068461755737762,
    "sentKBytesPerSec" : 0.21400748698652042
  },
  "CreateUser" : {
    "transaction" : "CreateUser",
    "sampleCount" : 969,
    "errorCount" : 13,
    "errorPct" : 1.3415892,
    "meanResTime" : 29788.308565531508,
    "minResTime" : 2815.0,
    "maxResTime" : 858820.0,
    "pct1ResTime" : 57066.0,
    "pct2ResTime" : 114297.5,
    "pct3ResTime" : 320099.0999999906,
    "throughput" : 0.535505862379967,
    "receivedKBytesPerSec" : 0.11873613743047819,
    "sentKBytesPerSec" : 0.1329217625037027
  },
  "UpdateProjectStatus" : {
    "transaction" : "UpdateProjectStatus",
    "sampleCount" : 727,
    "errorCount" : 78,
    "errorPct" : 10.729023,
    "meanResTime" : 105159.37001375515,
    "minResTime" : 3532.0,
    "maxResTime" : 880821.0,
    "pct1ResTime" : 262638.4,
    "pct2ResTime" : 272910.60000000003,
    "pct3ResTime" : 843630.0800000001,
    "throughput" : 0.40786466298709534,
    "receivedKBytesPerSec" : 0.16146432635849228,
    "sentKBytesPerSec" : 0.0908026588624447
  },
  "CreateProject" : {
    "transaction" : "CreateProject",
    "sampleCount" : 832,
    "errorCount" : 17,
    "errorPct" : 2.0432692,
    "meanResTime" : 51810.890625,
    "minResTime" : 3624.0,
    "maxResTime" : 883452.0,
    "pct1ResTime" : 155992.60000000003,
    "pct2ResTime" : 255585.34999999983,
    "pct3ResTime" : 715324.4699999983,
    "throughput" : 0.4633053271202901,
    "receivedKBytesPerSec" : 0.15826332215117342,
    "sentKBytesPerSec" : 0.13793748454720814
  },
  "TaskUsers" : {
    "transaction" : "TaskUsers",
    "sampleCount" : 899,
    "errorCount" : 21,
    "errorPct" : 2.335929,
    "meanResTime" : 42866.69521690766,
    "minResTime" : 88.0,
    "maxResTime" : 883616.0,
    "pct1ResTime" : 107776.0,
    "pct2ResTime" : 201814.0,
    "pct3ResTime" : 813282.0,
    "throughput" : 0.4987453696846032,
    "receivedKBytesPerSec" : 21.228678713461633,
    "sentKBytesPerSec" : 0.08133835618879759
  },
  "CreateTask" : {
    "transaction" : "CreateTask",
    "sampleCount" : 492,
    "errorCount" : 82,
    "errorPct" : 16.666666,
    "meanResTime" : 149742.96341463426,
    "minResTime" : 15124.0,
    "maxResTime" : 811037.0,
    "pct1ResTime" : 350569.9999999989,
    "pct2ResTime" : 486292.84999999986,
    "pct3ResTime" : 584110.99,
    "throughput" : 0.28388355004457316,
    "receivedKBytesPerSec" : 0.19544548025797628,
    "sentKBytesPerSec" : 0.1716470853612447
  },
  "GetParentTask" : {
    "transaction" : "GetParentTask",
    "sampleCount" : 478,
    "errorCount" : 12,
    "errorPct" : 2.5104601,
    "meanResTime" : 72256.51882845191,
    "minResTime" : 7010.0,
    "maxResTime" : 816307.0,
    "pct1ResTime" : 148623.6,
    "pct2ResTime" : 165269.94999999998,
    "pct3ResTime" : 538643.6399999994,
    "throughput" : 0.2951952951551535,
    "receivedKBytesPerSec" : 0.05588707344125459,
    "sentKBytesPerSec" : 0.053040492241242486
  },
  "GetTasks" : {
    "transaction" : "GetTasks",
    "sampleCount" : 474,
    "errorCount" : 7,
    "errorPct" : 1.4767933,
    "meanResTime" : 56996.88185654006,
    "minResTime" : 6905.0,
    "maxResTime" : 883758.0,
    "pct1ResTime" : 120606.0,
    "pct2ResTime" : 139515.25,
    "pct3ResTime" : 546424.75,
    "throughput" : 0.32179378992296637,
    "receivedKBytesPerSec" : 0.3288047861989161,
    "sentKBytesPerSec" : 0.05593415922546815
  },
  "UpdateProject" : {
    "transaction" : "UpdateProject",
    "sampleCount" : 786,
    "errorCount" : 60,
    "errorPct" : 7.633588,
    "meanResTime" : 86261.12213740459,
    "minResTime" : 3791.0,
    "maxResTime" : 909786.0,
    "pct1ResTime" : 258860.9000000001,
    "pct2ResTime" : 273858.19999999995,
    "pct3ResTime" : 858812.19,
    "throughput" : 0.43954052915982333,
    "receivedKBytesPerSec" : 0.18856962813389322,
    "sentKBytesPerSec" : 0.15063660504431475
  },
  "CreateParentTask" : {
    "transaction" : "CreateParentTask",
    "sampleCount" : 533,
    "errorCount" : 54,
    "errorPct" : 10.131332,
    "meanResTime" : 151466.15947467164,
    "minResTime" : 17237.0,
    "maxResTime" : 697790.0,
    "pct1ResTime" : 275921.6,
    "pct2ResTime" : 292222.6999999996,
    "pct3ResTime" : 571354.5999999997,
    "throughput" : 0.30329826909441854,
    "receivedKBytesPerSec" : 0.17312816812966825,
    "sentKBytesPerSec" : 0.13735422975896608
  },
  "Total" : {
    "transaction" : "Total",
    "sampleCount" : 10711,
    "errorCount" : 606,
    "errorPct" : 5.657735,
    "meanResTime" : 79185.70002800858,
    "minResTime" : 38.0,
    "maxResTime" : 909786.0,
    "pct1ResTime" : 212075.40000000014,
    "pct2ResTime" : 278309.7999999998,
    "pct3ResTime" : 790966.759999999,
    "throughput" : 5.918078456116932,
    "receivedKBytesPerSec" : 159.4046298243238,
    "sentKBytesPerSec" : 1.6082451629681669
  },
  "GetAllProjects" : {
    "transaction" : "GetAllProjects",
    "sampleCount" : 606,
    "errorCount" : 45,
    "errorPct" : 7.4257426,
    "meanResTime" : 165138.24917491738,
    "minResTime" : 10536.0,
    "maxResTime" : 695270.0,
    "pct1ResTime" : 351000.0,
    "pct2ResTime" : 380388.45,
    "pct3ResTime" : 565368.6599999997,
    "throughput" : 0.3421007469764165,
    "receivedKBytesPerSec" : 43.45607089988586,
    "sentKBytesPerSec" : 0.056459986561537494
  },
  "UpdateUser" : {
    "transaction" : "UpdateUser",
    "sampleCount" : 962,
    "errorCount" : 40,
    "errorPct" : 4.1580043,
    "meanResTime" : 50080.761954261965,
    "minResTime" : 1365.0,
    "maxResTime" : 881761.0,
    "pct1ResTime" : 72240.90000000004,
    "pct2ResTime" : 226895.3499999984,
    "pct3ResTime" : 861369.9,
    "throughput" : 0.5326190406324103,
    "receivedKBytesPerSec" : 0.12478338561480126,
    "sentKBytesPerSec" : 0.15545409493103912
  },
  "AllUsers" : {
    "transaction" : "AllUsers",
    "sampleCount" : 879,
    "errorCount" : 15,
    "errorPct" : 1.7064847,
    "meanResTime" : 50024.11945392494,
    "minResTime" : 3466.0,
    "maxResTime" : 868465.0,
    "pct1ResTime" : 144668.0,
    "pct2ResTime" : 256007.0,
    "pct3ResTime" : 737657.8000000007,
    "throughput" : 0.48777916200760807,
    "receivedKBytesPerSec" : 28.932757428019276,
    "sentKBytesPerSec" : 0.07907357509107708
  },
  "GetActiveProjects" : {
    "transaction" : "GetActiveProjects",
    "sampleCount" : 667,
    "errorCount" : 33,
    "errorPct" : 4.9475265,
    "meanResTime" : 143391.8890554723,
    "minResTime" : 6151.0,
    "maxResTime" : 845713.0,
    "pct1ResTime" : 325023.60000000003,
    "pct2ResTime" : 370384.8,
    "pct3ResTime" : 831948.0800000005,
    "throughput" : 0.37523811024011866,
    "receivedKBytesPerSec" : 47.950274788429276,
    "sentKBytesPerSec" : 0.06082961552720673
  },
  "UnassignedUsers" : {
    "transaction" : "UnassignedUsers",
    "sampleCount" : 918,
    "errorCount" : 14,
    "errorPct" : 1.5250545,
    "meanResTime" : 33358.16448801743,
    "minResTime" : 38.0,
    "maxResTime" : 906245.0,
    "pct1ResTime" : 66500.3,
    "pct2ResTime" : 113273.34999999999,
    "pct3ResTime" : 741541.3799999994,
    "throughput" : 0.5091454841624141,
    "receivedKBytesPerSec" : 18.302479495697778,
    "sentKBytesPerSec" : 0.08104561906100928
  }
}